{
  "cells": [
    27,
    28
  ],
  "n_groups": {
    "27": 713,
    "28": 713
  },
  "edit_norms": {
    "27": 181.68199157714844,
    "28": 120.99140930175781
  },
  "seed": 42
}